INSERT INTO  airport VALUES('AFS', 'America','AL');
INSERT INTO  airport VALUES('SFB', 'America','AZ');
INSERT INTO  airport VALUES('SHV', 'America','CA');
INSERT INTO  airport VALUES('QWE', 'America','DE');
INSERT INTO  airport VALUES('ASD', 'America','FL');
INSERT INTO  airport VALUES('ZXC', 'America','CO');
INSERT INTO  airport VALUES('RTY', 'China','Anhui');
INSERT INTO  airport VALUES('FGH', 'China','Beijing');
INSERT INTO  airport VALUES('VBN', 'China','Sichuan');
INSERT INTO  airport VALUES('UIO', 'Japan','Tokyo');
INSERT INTO  airport VALUES('JKL', 'Japan','Hokkaido');
INSERT INTO  airport VALUES('DFH', 'Japan','Fukushima');
INSERT INTO  airport VALUES('AGA', 'Australia','Sydney');

INSERT INTO  customer VALUES('IsEmRBJQ@foxmail.com', 'Ziqhy','06945545','2021-04-03 000000','VBN');
INSERT INTO  customer VALUES('feJYRSco@foxmail.com', 'Dclkx','02016374','2021-04-03 000000','VBN');
INSERT INTO  customer VALUES('WPiRQzon@foxmail.com', 'Yxwtk','01454638','2021-04-03 000000','VBN');
INSERT INTO  customer VALUES('MCwYsikw@foxmail.com', 'Sbctg','00311928','2021-04-03 000000','VBN');
INSERT INTO  customer VALUES('yZvrQSgV@foxmail.com', 'Psays','04888196','2021-04-03 000000','VBN');
INSERT INTO  customer VALUES('tFCSLrjx@foxmail.com', 'Vymcu','07972969','2021-04-03 000000','VBN');
INSERT INTO  customer VALUES('CUpbVDBb@foxmail.com', 'Uvqrr','05610091','2021-04-03 000000','VBN');
INSERT INTO  customer VALUES('INeTMKnO@foxmail.com', 'Ckngp','05896505','2021-04-03 000000','VBN');
INSERT INTO  customer VALUES('mYijrMLh@foxmail.com', 'Wnfnl','02827559','2021-04-03 000000','VBN');
INSERT INTO  customer VALUES('XRybYzrZ@qq.com', 'Hdhmx','07977656','2021-04-03 000000',null);
INSERT INTO  customer VALUES('YAgFYnVD@qq.com', 'Wliil','07072661','2021-04-03 000000',null);
INSERT INTO  customer VALUES('WBDffMIp@qq.com', 'Avdjr','07245009','2021-04-03 000000',null);
INSERT INTO  customer VALUES('VRayuRwq@qq.com', 'Plmep','01689534','2021-04-03 000000',null);
INSERT INTO  customer VALUES('jjxzcphk@qq.com', 'Rwkkn','08686943','2021-04-03 000000',null);
INSERT INTO  customer VALUES('YqTIXMmv@qq.com', 'Bqffm','01876742','2021-04-03 000000',null);
INSERT INTO  customer VALUES('XScgynBd@qq.com', 'Tkdut','03123397','2021-04-03 000000',null);
INSERT INTO  customer VALUES('zuYDvIPH@qq.com', 'Ayahb','09258654','2021-04-03 000000',null);
INSERT INTO  customer VALUES('eEUPZsLP@qq.com', 'Mmwoi','01895068','2021-04-03 000000',null);
INSERT INTO  customer VALUES('WOAtwVWV@qq.com', 'Yqpzr','07100953','2021-04-03 000000',null);
INSERT INTO  customer VALUES('dksEQUfN@qq.com', 'Lxywi','07684903','2021-04-03 000000',null);
INSERT INTO  customer VALUES('hhcSdQtr@qq.com', 'Qbuer','00592638','2021-04-03 000000',null);
INSERT INTO  customer VALUES('WclPLHZi@qq.com', 'Mjnqz','02850525','2021-04-03 000000',null);
INSERT INTO  customer VALUES('upCTNqdy@qq.com', 'Tfxpx','01095874','2021-04-03 000000',null);
INSERT INTO  customer VALUES('JrfETsRO@qq.com', 'Zgnhx','09433334','2021-04-03 000000',null);
INSERT INTO  customer VALUES('yMKCObSi@qq.com', 'Yrigz','05158489','2021-04-03 000000',null);
INSERT INTO  customer VALUES('FmHJTwmY@qq.com', 'Eudzq','04166575','2021-04-03 000000',null);
INSERT INTO  customer VALUES('MUyiTMeC@qq.com', 'Qitrs','04211199','2021-04-03 000000',null);
INSERT INTO  customer VALUES('uiGZFOeA@qq.com', 'Kydqi','01669237','2021-04-03 000000',null);
INSERT INTO  customer VALUES('iIBnUoNJ@iit.edu', 'Snkhh','040590','2021-04-03 000000','ZXC');
INSERT INTO  customer VALUES('lFxQGKbi@iit.edu', 'Twxqa','059775','2021-04-03 000000','ZXC');
INSERT INTO  customer VALUES('yeLuqUap@iit.edu', 'Lrozf','009351','2021-04-03 000000','ZXC');
INSERT INTO  customer VALUES('BQUAeIYF@iit.edu', 'Gatra','010698','2021-04-03 000000','ZXC');
INSERT INTO  customer VALUES('PUxNaplv@iit.edu', 'Yixuj','050437','2021-04-03 000000','ZXC');
INSERT INTO  customer VALUES('ysesdmSO@iit.edu', 'Yoppb','089348','2021-04-03 000000','ZXC');
INSERT INTO  customer VALUES('DZscVNpD@iit.edu', 'Esvpl','021214','2021-04-03 000000','ZXC');
INSERT INTO  customer VALUES('yCQProNl@iit.edu', 'Pluwn','095197','2021-04-03 000000','ZXC');
INSERT INTO  customer VALUES('lAyiEyCS@iit.edu', 'Rfdpl','094444','2021-04-03 000000','ZXC');
INSERT INTO  customer VALUES('PGhooEcX@iit.edu', 'Wgbfv','090497','2021-04-03 000000','ZXC');
INSERT INTO  customer VALUES('DWVNAUJz@iit.edu', 'Pfrsb','093760','2021-04-03 000000','ZXC');
INSERT INTO  customer VALUES('ekQRxLVe@iit.edu', 'Dkpso','051037','2021-04-03 000000','ZXC');
INSERT INTO  customer VALUES('OVYjdxnw@iit.edu', 'Wvtrx','041217','2021-04-03 000000','ZXC');
INSERT INTO  customer VALUES('fcpJpcCf@iit.edu', 'Feacw','047861','2021-04-03 000000','ZXC');
INSERT INTO  customer VALUES('alLnHynR@iit.edu', 'Dheas','085777','2021-04-03 000000','ZXC');
INSERT INTO  customer VALUES('raYPdISi@iit.edu', 'Sftro','034316','2021-04-03 000000','ZXC');
INSERT INTO  customer VALUES('pvlSUtVc@iit.edu', 'Yskkd','097758','2021-04-03 000000','ZXC');
INSERT INTO  customer VALUES('ENTTrciB@iit.edu', 'Bqllm','016800','2021-04-03 000000','ZXC');
INSERT INTO  customer VALUES('arvKiZIT@iit.edu', 'Bnajt','009800','2021-04-03 000000','ZXC');



INSERT INTO  address VALUES(1 ,'AL','Autauga','north',null,null,null,null,'IsEmRBJQ@foxmail.com');
INSERT INTO  address VALUES(2 ,'AZ','Autauga','norearthth',null,null,null,null,'feJYRSco@foxmail.com');
INSERT INTO  address VALUES(3 ,'CA','Autauga','west',null,null,null,null,'WPiRQzon@foxmail.com');
INSERT INTO  address VALUES(4 ,'DE','Autauga','north',null,null,null,null,'XRybYzrZ@qq.com');
INSERT INTO  address VALUES(5 ,'FL','Autauga','north',null,null,null,null,'WBDffMIp@qq.com');
INSERT INTO  address VALUES(6 ,'CO','Autauga','nwestorth',null,null,null,null,'OVYjdxnw@iit.edu');
INSERT INTO  address VALUES(7 ,'Anhui','Luan','earth',null,null,null,null,'alLnHynR@iit.edu');
INSERT INTO  address VALUES(8 ,'Tokyo','Tokyo','west',null,null,null,null,'WclPLHZi@qq.com');
INSERT INTO  address VALUES(9 ,'Sydney','Sydney','north',null,null,null,null,'arvKiZIT@iit.edu');



INSERT INTO  Credit_cards VALUES(1,'507306601618905','EZHIG',1,'IsEmRBJQ@foxmail.com');
INSERT INTO  credit_cards VALUES(2,'388953764126045','EZHIG',2,'feJYRSco@foxmail.com');
INSERT INTO  Credit_cards VALUES(3,'374231429253333','EZHIG',3,'WPiRQzon@foxmail.com');
INSERT INTO  Credit_cards VALUES(4,'611089888432069','EZHIG',4,'IsEmRBJQ@foxmail.com');
INSERT INTO  Credit_cards VALUES(5,'279922823404004','EZHIG',5,'XRybYzrZ@qq.com');
INSERT INTO  Credit_cards VALUES(6,'807764918797761','EZHIG',6,'WBDffMIp@qq.com');
INSERT INTO  Credit_cards VALUES(7,'684061629676326','TNQLC',7,'OVYjdxnw@iit.edu');
INSERT INTO  Credit_cards VALUES(8,'504985367276959','TNQLC',8,'alLnHynR@iit.edu');
INSERT INTO  Credit_cards VALUES(9,'275251188316309','TNQLC',9,'WclPLHZi@qq.com');
INSERT INTO  Credit_cards VALUES(10,'074580719400331','TNQLC',1,'WOAtwVWV@qq.com');
INSERT INTO  Credit_cards VALUES(11,'615877370026541','TNQLC','1XScgynBd@qq.com');
INSERT INTO  Credit_cards VALUES(12,'304872221035122','MQZGV',2,'eEUPZsLP@qq.com');
INSERT INTO  Credit_cards VALUES(13,'076062902462696','VHAGF',3,'tFCSLrjx@foxmail.com');
INSERT INTO  Credit_cards VALUES(14,'396935703845681','VHAGF',4,'tFCSLrjx@foxmail.com');
INSERT INTO  Credit_cards VALUES(15,'087240882756059','VHAGF',5,'mYijrMLh@foxmail.com');
INSERT INTO  Credit_cards VALUES(16,'230435733092127','VHAGF',6,'ysesdmSO@iit.edu');
INSERT INTO  Credit_cards VALUES(26,'784556017199506','KIIQB',6,null);
INSERT INTO  Credit_cards VALUES(27,'117827031137111','LTZFY',7,null);
INSERT INTO  Credit_cards VALUES(28,'882025584421786','LTZFY',8,null);
INSERT INTO  Credit_cards VALUES(29,'672506667610011','LTZFY',9,null);


INSERT INTO  Airline VALUES('pz','nxkc','JQ');
INSERT INTO  Airline VALUES('ko','umvs','EB');
INSERT INTO  Airline VALUES('wa','awhq','XQ');
INSERT INTO  Airline VALUES('xu','ylcm','HP');
INSERT INTO  Airline VALUES('yk','uuou','NO');
INSERT INTO  Airline VALUES('jw','eren','TY');
INSERT INTO  Airline VALUES('em','aisg','OG');
INSERT INTO  Airline VALUES('wd','hxkb','BS');
INSERT INTO  Airline VALUES('gg','wedz','LP');
INSERT INTO  Airline VALUES('ce','kcnc','MN');
INSERT INTO  Airline VALUES('fz','bzyq','WF');
INSERT INTO  Airline VALUES('ue','uysp','FR');
INSERT INTO  Airline VALUES('ji','kklw','VK');
INSERT INTO  Airline VALUES('xl','xarb','DR');
INSERT INTO  Airline VALUES('mv','kknf','GT');
INSERT INTO  Airline VALUES('mc','olfq','FP');
INSERT INTO  Airline VALUES('xv','ocjx','MU');
INSERT INTO  Airline VALUES('pd','aysw','RD');
INSERT INTO  Airline VALUES('pq','ydhq','JX');
INSERT INTO  Airline VALUES('lv','vswc','QA');
INSERT INTO  Airline VALUES('kf','ybcd','GG');
INSERT INTO  Airline VALUES('gx','flzq','AU');
INSERT INTO  Airline VALUES('ki','hizz','TQ');
INSERT INTO  Airline VALUES('ni','vqcx','KO');
INSERT INTO  Airline VALUES('ik','wvdo','BV');
INSERT INTO  Airline VALUES('bg','ghry','ML');
INSERT INTO  Airline VALUES('qx','oboo','RI');


INSERT INTO  Price VALUES(1,252.21,63.39);
INSERT INTO  Price VALUES(2,990.40,01.30);
INSERT INTO  Price VALUES(3,169.38,90.03);
INSERT INTO  Price VALUES(4,954.66,77.13);
INSERT INTO  Price VALUES(5,059.74,09.05);
INSERT INTO  Price VALUES(6,432.30,07.06);
INSERT INTO  Price VALUES(7,677.03,71.16);
INSERT INTO  Price VALUES(8,181.31,90.18);
INSERT INTO  Price VALUES(9,426.54,85.69);
INSERT INTO  Price VALUES(10,617.66,22.09);
INSERT INTO  Price VALUES(11,871.09,91.38);
INSERT INTO  Price VALUES(12,841.11,85.44);
INSERT INTO  Price VALUES(13,833.17,36.49);
INSERT INTO  Price VALUES(14,888.90,07.64);
INSERT INTO  Price VALUES(15,299.17,91.26);
INSERT INTO  Price VALUES(16,678.69,12.62);
INSERT INTO  Price VALUES(17,654.24,26.60);
INSERT INTO  Price VALUES(18,577.07,77.09);
INSERT INTO  Price VALUES(19,776.53,41.94);
INSERT INTO  Price VALUES(20,600.56,17.89);
INSERT INTO  Price VALUES(21,277.43,15.68);
INSERT INTO  Price VALUES(22,782.39,66.61);
INSERT INTO  Price VALUES(23,935.86,90.42);
INSERT INTO  Price VALUES(24,306.31,88.11);
INSERT INTO  Price VALUES(25,229.70,62.78);
INSERT INTO  Price VALUES(26,891.86,02.36);
INSERT INTO  Price VALUES(27,068.61,51.00);
INSERT INTO  Price VALUES(28,719.36,07.02);
INSERT INTO  Price VALUES(29,793.19,98.91);


INSERT INTO  Flight VALUES('pz','518133','2015-08-14','SH','ZV','2015-08-14 11-30-00','2015-08-14 16-15-00',7446,81,54,1);
INSERT INTO  Flight VALUES('ko','677061','2015-08-14','RS','HX','2015-08-14 11-30-00','2015-08-14 16-15-00',8868,59,70,2);
INSERT INTO  Flight VALUES('wa','559188','2015-08-14','HC','UN','2015-08-14 11-30-00','2015-08-14 16-15-00',3504,97,18,4);
INSERT INTO  Flight VALUES('xu','329968','2015-08-14','IU','SP','2015-08-14 11-30-00','2015-08-14 16-15-00',5922,21,22,5);
INSERT INTO  Flight VALUES('yk','053786','2015-08-14','VU','YW','2015-08-14 11-30-00','2015-08-14 16-15-00',6311,07,72,6);
INSERT INTO  Flight VALUES('jw','738013','2015-08-14','JN','QI','2015-08-14 11-30-00','2015-08-14 16-15-00',2448,36,44,7);
INSERT INTO  Flight VALUES('em','649415','2015-08-14','KH','TI','2015-08-14 11-30-00','2015-08-14 16-15-00',4324,95,98,8);
INSERT INTO  Flight VALUES('wd','971508','2015-08-14','KN','BB','2015-08-14 11-30-00','2015-08-14 16-15-00',7064,80,59,9);
INSERT INTO  Flight VALUES('gg','804607','2015-08-14','XC','PW','2015-08-14 11-30-00','2015-08-14 16-15-00',6022,90,90,10);
INSERT INTO  Flight VALUES('ce','651992','2015-08-14','KN','NY','2015-08-14 11-30-00','2015-08-14 16-15-00',3838,00,80,11);
INSERT INTO  Flight VALUES('fz','757587','2015-08-14','KR','FJ','2015-08-14 11-30-00','2015-08-14 16-15-00',2845,84,35,12);
INSERT INTO  Flight VALUES('ue','876655','2015-08-14','WK','QI','2015-08-14 11-30-00','2015-08-14 16-15-00',2445,05,26,13);
INSERT INTO  Flight VALUES('ji','881420','2015-08-14','GY','LU','2015-08-14 11-30-00','2015-08-14 16-15-00',3692,67,02,14);
INSERT INTO  Flight VALUES('xl','240879','2015-08-14','VM','GS','2015-08-14 11-30-00','2015-08-14 16-15-00',5563,06,34,15);
INSERT INTO  Flight VALUES('mv','887690','2015-08-14','CM','HN','2015-08-14 11-30-00','2015-08-14 16-15-00',7714,60,32,16);
INSERT INTO  Flight VALUES('mc','192300','2015-08-14','ZF','VI','2015-08-14 11-30-00','2015-08-14 16-15-00',8308,63,51,17);
INSERT INTO  Flight VALUES('ki','789841','2015-08-14','JK','GJ','2015-08-14 11-30-00','2015-08-14 16-15-00',4388,82,20,18);
INSERT INTO  Flight VALUES('ni','894125','2015-08-14','DZ','OB','2015-08-14 11-30-00','2015-08-14 16-15-00',4587,83,75,19);
INSERT INTO  Flight VALUES('qx','574052','2015-08-14','EQ','XW','2015-08-14 11-30-00','2015-08-14 16-15-00',5167,33,57,20);
INSERT INTO  Flight VALUES('bg','922836','2015-08-14','CH','CR','2015-08-14 11-30-00','2015-08-14 16-15-00',6625,16,67,21);


INSERT INTO  Mileage_program VALUES('WclPLHZi@qq.com','ce',8048);
INSERT INTO  Mileage_program VALUES('upCTNqdy@qq.com','ce',6452);
INSERT INTO  Mileage_program VALUES('yMKCObSi@qq.com','ce',6767);
INSERT INTO  Mileage_program VALUES('IsEmRBJQ@foxmail.com','ce',8118);
INSERT INTO  Mileage_program VALUES('IsEmRBJQ@foxmail.com','pz',7485);
INSERT INTO  Mileage_program VALUES('IsEmRBJQ@foxmail.com','ko',2559);
INSERT INTO  Mileage_program VALUES('XRybYzrZ@qq.com','ce',8037);
INSERT INTO  Mileage_program VALUES('XRybYzrZ@qq.com','wd',9525);
INSERT INTO  Mileage_program VALUES('YqTIXMmv@qq.com','ce',9012);
INSERT INTO  Mileage_program VALUES('YqTIXMmv@qq.com','ji',0184);
INSERT INTO  Mileage_program VALUES('hhcSdQtr@qq.com','ce',7346);
INSERT INTO  Mileage_program VALUES('JrfETsRO@qq.com','ce',4274);
INSERT INTO  Mileage_program VALUES('yMKCObSi@qq.com','ki',4370);
INSERT INTO  Mileage_program VALUES('FmHJTwmY@qq.com','ce',3960);
INSERT INTO  Mileage_program VALUES('raYPdISi@iit.edu','ce',1353);
INSERT INTO  Mileage_program VALUES('arvKiZIT@iit.edu','ce',6399);
INSERT INTO  Mileage_program VALUES('arvKiZIT@iit.edu','ki',5084);
INSERT INTO  Mileage_program VALUES('arvKiZIT@iit.edu','ni',3774);
INSERT INTO  Mileage_program VALUES('arvKiZIT@iit.edu','bg',5149);
INSERT INTO  Mileage_program VALUES('arvKiZIT@iit.edu','qx',7352);


INSERT INTO  Booking VALUES('WclPLHZi@qq.com',1,'pz','518133','2015-08-14','First');
INSERT INTO  Booking VALUES('upCTNqdy@qq.com',2,'pz','518133','2015-08-14','Economy');
INSERT INTO  Booking VALUES('yMKCObSi@qq.com',3,'pz','518133','2015-08-14','Economy');
INSERT INTO  Booking VALUES('IsEmRBJQ@foxmail.com',4,'pz','518133','2015-08-14','First');
INSERT INTO  Booking VALUES('IsEmRBJQ@foxmail.com',4,'ko','677061','2015-08-14','Economy');
INSERT INTO  Booking VALUES('IsEmRBJQ@foxmail.com',4,'wa','559188','2015-08-14','First');
INSERT INTO  Booking VALUES('XRybYzrZ@qq.com',5,'pz','518133','2015-08-14','Economy');
INSERT INTO  Booking VALUES('XRybYzrZ@qq.com',6,'pz','518133','2015-08-14','First');
INSERT INTO  Booking VALUES('YqTIXMmv@qq.com',6,'ko','677061','2015-08-14','Economy');
INSERT INTO  Booking VALUES('YqTIXMmv@qq.com',6,'wa','559188','2015-08-14','Economy');
INSERT INTO  Booking VALUES('JrfETsRO@qq.com',8,'pz','518133','2015-08-14','First');
INSERT INTO  Booking VALUES('yMKCObSi@qq.com',3,'wa','559188','2015-08-14','Economy');
INSERT INTO  Booking VALUES('FmHJTwmY@qq.com',9,'pz','518133','2015-08-14','First');
INSERT INTO  Booking VALUES('raYPdISi@iit.edu',10,'pz','518133','2015-08-14','Economy');
INSERT INTO  Booking VALUES('arvKiZIT@iit.edu',15,'pz','518133','2015-08-14','First');